country,installs,RP1,RP2,RP3,RP4,RP5,RP6,RP7,RP8,RP9,RP10
US,113547,0.09563608021347841,0.279442873876034,0.6576824574845669,1.4127813152263018,2.4635996547676777,3.67140549728122,5.0135735862653386,6.482434762693284,7.871514879295837,9.279006490697881
UK,112569,0.08115591326208699,0.21159537705763365,0.5263871936323236,1.1471228313303494,2.008668549955605,2.959964821574837,3.9914308557396856,5.096898080285481,6.2190936225741735,7.367505174599101
AU,84765,0.05300737332625448,0.16309313985724982,0.37657877661773254,0.8156325134194287,1.4354572052146617,2.1519346428359016,2.91709974635677,3.7235545331195015,4.494274287734576,5.274667256530018
KZ,28309,0.027104807658341883,0.0630248330919496,0.15231693101133742,0.3591416157405715,0.6799335900243746,0.968477162739806,1.2945731039599169,1.683299657352763,2.0751266381715125,2.4419223568475754
NZ,84472,0.055084288284874966,0.1414408324651933,0.33705298797236316,0.7579364759920038,1.2857329055783737,1.9429418032010235,2.64006759636273,3.382522255894256,4.113239179844761,4.917354626382635
CA,84391,0.07340214003862908,0.20712232347051113,0.47158251472314466,0.962308184522092,1.6751176073280019,2.545107061179041,3.403267528526763,4.396449384411089,5.386043298453279,6.329606593116643
TH,28332,0.01967316108993366,0.0693300861216999,0.15939079486093308,0.3465071297472764,0.5556490893689016,0.8603723704645263,1.2046569250318298,1.5652265988987815,1.9472225751799463,2.2763571226880077
BY,28353,0.014619969668112734,0.03818819877967061,0.10433745988078798,0.22410714915528906,0.40763658166683636,0.6010295206856352,0.8065030155539306,1.0215871336367068,1.2447938489754709,1.5261683067047642
RU,28296,0.032022193949674885,0.09607859768165083,0.22548734803505502,0.5000053011026213,0.8611354961832359,1.3106297709924082,1.7741069409103345,2.245142776364023,2.7194444444445156,3.2223713599098125
